ID,lat,lon
CWAE,50.13,-122.95
CWCA,53.68,-57.05
CWCL,51.13,-121.50
CWDL,58.42,-130.00
CWEU,79.98,-85.93
CWFD,66.65,-61.38
CWGZ,76.42,-82.90
CWKM,69.60,-140.18
WKV,49.28,-121.23
CWKW,59.98,-64.15
CWLI,69.60,-130.90
CWLX,68.88,-75.13
CWLY,50.22,-121.58
CWOB,63.33,-64.13
CWPX,69.03,-107.82
CWRF,68.43,-89.72
CWRH,61.60,-64.63
CWRX,69.08,-79.03
CWSA,43.95,-59.97
CWSW,49.83,-114.88
CWTU,54.70,-58.35
CWUP,68.47,-66.80
CWUW,68.65,-71.17
CWVD,67.53,-63.78
CWWU,47.52,-52.98
CWXR,69.27,-119.22
CWYK,57.13,-61.47
CWYM,64.95,-63.58
CWZZ,58.33,-62.58
CYAB,73.00,-85.03
CYAD,53.57,-76.20
CYAH,53.75,-73.68
CYAM,46.48,-84.50
CYAS,60.02,-70.00
CYAW,44.63,-63.50
CYAY,51.40,-56.07
CYAZ,49.08,-125.77
CYBB,68.53,-89.80
CYBC,49.12,-68.20
CYBD,52.38,-126.60
CYBG,48.33,-71.00
CYBK,64.30,-96.08
CYBL,49.95,-125.27
CYBN,44.27,-79.90
CYBR,49.92,-99.95
CYBU,53.33,-104.00
CYBV,52.37,-97.02
CYBW,51.10,-114.37
CYBX,51.45,-57.18
CYCB,69.10,-105.13
CYCD,49.05,-123.87
CYCG,49.30,-117.63
CYCO,67.82,-115.15
CYCP,52.12,-119.30
CYCQ,55.68,-121.63
CYCS,63.35,-90.73
CYCX,45.83,-66.43
CYCY,70.48,-68.52
CYDA,64.05,-139.13
CYDB,61.37,-139.05
CYDC,49.47,-120.52
CYDF,49.22,-57.40
CYDL,58.42,-130.02
CYDN,51.10,-100.05
CYDP,56.55,-61.68
CYDQ,55.73,-120.17
CYED,53.67,-113.48
CYEG,53.32,-113.58
CYEK,61.10,-94.07
CYEL,46.35,-82.55
CYEN,49.22,-102.97
CYER,56.02,-87.68
CYET,53.57,-116.45
CYEV,68.30,-133.48
CYFB,63.75,-68.55
CYFC,45.87,-66.53
CYFO,54.68,-101.68
CYFR,61.18,-113.68
CYFS,61.77,-121.23
CYFT,55.08,-59.18
CYGE,51.30,-116.98
CYGH,66.23,-128.65
CYGK,44.23,-76.60
CYGL,53.63,-77.70
CYGP,48.78,-64.48
CYGQ,49.77,-86.92
CYGR,47.42,-61.78
CYGT,69.37,-81.82
CYGV,50.27,-63.60
CYGW,55.28,-77.77
CYGX,56.35,-94.42
CYHA,61.05,-69.62
CYHD,49.82,-92.73
CYHE,49.37,-121.50
CYHH,51.70,-76.12
CYHI,70.77,-117.80
CYHK,68.63,-95.85
CYHM,43.17,-79.93
CYHU,45.52,-73.42
CYHY,60.83,-115.78
CYHZ,44.88,-63.52
CYIK,62.42,-77.95
CYIO,72.68,-77.97
CYIV,53.85,-94.65
CYJF,60.23,-123.47
CYJT,48.53,-58.55
CYKA,50.70,-120.43
CYKD,68.22,-135.00
CYKF,43.45,-80.38
CYKG,61.58,-71.93
CYKJ,57.25,-105.62
CYKL,54.80,-66.80
CYKO,60.82,-78.15
CYKQ,51.47,-78.77
CYKY,51.52,-109.18
CYKZ,43.85,-79.37
CYLA,59.30,-69.60
CYLC,62.85,-69.88
CYLD,47.82,-83.33
CYLJ,54.13,-108.52
CYLK,62.42,-110.68
CYLL,53.32,-110.07
CYLT,82.52,-62.28
CYLU,58.72,-65.98
CYLW,49.95,-119.37
CYMA,63.62,-135.87
CYMH,52.30,-55.85
CYMJ,50.33,-105.55
CYMM,56.65,-111.22
CYMO,51.28,-80.60
CYMT,49.77,-74.53
CYMU,56.53,-76.52
CYMX,45.68,-74.03
CYNA,50.18,-61.78
CYNC,53.02,-78.83
CYND,45.52,-75.57
CYNE,53.95,-97.83
CYNM,49.77,-77.80
CYOA,64.70,-110.62
CYOC,67.57,-139.83
CYOD,54.40,-110.27
CYOJ,58.62,-117.17
CYOO,43.92,-78.88
CYOW,45.32,-75.67
CYOY,46.90,-71.50
CYPA,53.22,-105.67
CYPC,69.37,-124.08
CYPD,45.65,-61.37
CYPE,56.23,-116.55
CYPG,49.90,-98.28
CYPH,58.47,-78.08
CYPL,51.45,-90.22
CYPQ,44.22,-78.35
CYPR,54.28,-130.45
CYPW,49.83,-124.50
CYPX,60.05,-77.28
CYPY,58.77,-111.12
CYQA,44.97,-79.30
CYQB,46.78,-71.40
CYQD,53.97,-101.08
CYQF,52.17,-113.90
CYQG,42.28,-82.95
CYQH,60.12,-128.82
CYQI,43.83,-66.08
CYQK,49.78,-94.37
CYQL,49.63,-112.80
CYQM,46.10,-64.68
CYQQ,49.72,-124.90
CYQR,50.43,-104.67
CYQT,48.37,-89.32
CYQU,55.18,-118.88
CYQV,51.27,-102.47
CYQW,52.77,-108.25
CYQX,48.93,-54.57
CYQY,46.17,-60.05
CYQZ,53.02,-122.50
CYRA,64.12,-117.32
CYRB,74.72,-94.97
CYRJ,48.52,-72.27
CYRL,51.07,-93.80
CYRT,62.80,-92.12
CYRV,50.97,-118.18
CYSB,46.63,-80.80
CYSC,45.43,-71.68
CYSD,50.27,-111.18
CYSF,59.25,-105.83
CYSJ,45.32,-65.88
CYSK,56.53,-79.25
CYSL,47.15,-67.83
CYSM,60.02,-111.97
CYSN,43.20,-79.17
CYSP,48.75,-86.35
CYSY,72.00,-125.27
CYTE,64.23,-76.52
CYTH,55.80,-97.87
CYTL,53.82,-89.90
CYTQ,58.67,-69.95
CYTR,44.12,-77.53
CYTS,48.57,-81.38
CYTZ,43.63,-79.40
CYUA,68.95,-137.22
CYUB,69.43,-133.03
CYUL,45.47,-73.73
CYUS,68.82,-93.43
CYUT,66.52,-86.22
CYUX,68.78,-81.25
CYUY,48.22,-78.83
CYVC,55.15,-105.27
CYVM,67.55,-64.03
CYVO,48.05,-77.78
CYVP,58.08,-68.42
CYVQ,65.28,-126.80
CYVR,49.18,-123.17
CYVT,55.83,-108.43
CYVV,44.75,-81.12
CYWA,45.95,-77.32
CYWG,49.90,-97.23
CYWH,48.42,-123.38
CYWJ,65.22,-123.43
CYWK,52.92,-66.87
CYWL,52.18,-122.05
CYWY,63.22,-123.43
CYXC,49.62,-115.78
CYXD,53.57,-113.52
CYXE,52.17,-106.72
CYXH,50.02,-110.72
CYXJ,56.23,-120.73
CYXL,50.12,-91.90
CYXN,62.23,-92.60
CYXP,66.13,-65.70
CYXQ,62.42,-140.87
CYXR,47.70,-79.85
CYXS,53.88,-122.68
CYXT,54.47,-128.58
CYXU,43.03,-81.15
CYXX,49.03,-122.37
CYXY,60.72,-135.07
CYXZ,47.97,-84.78
CYYB,46.37,-79.42
CYYC,51.12,-114.02
CYYD,54.83,-127.18
CYYE,58.83,-122.60
CYYF,49.47,-119.60
CYYG,46.28,-63.12
CYYH,69.55,-93.58
CYYJ,48.65,-123.43
CYYL,56.85,-101.07
CYYN,50.30,-107.68
CYYQ,58.73,-94.07
CYYR,53.32,-60.42
CYYT,47.62,-52.75
CYYU,49.42,-82.47
CYYY,48.62,-68.20
CYYZ,43.67,-79.62
CYZE,45.88,-82.57
CYZF,62.47,-114.43
CYZG,62.18,-75.67
CYZH,55.30,-114.78
CYZP,53.25,-131.82
CYZR,43.00,-82.32
CYZS,64.20,-83.37
CYZT,50.67,-127.35
CYZU,54.15,-115.78
CYZV,50.22,-66.27
CYZW,60.17,-132.75
CYZX,44.98,-64.92
CYZY,55.28,-123.13
CZBF,47.63,-65.73
CZCP,70.17,-124.72
CZEM,52.23,-78.52
CZFA,62.20,-133.37
CZFM,67.40,-134.87
CZFN,64.92,-125.57
CZPC,49.52,-113.98
CZST,55.93,-129.83
CZUM,53.57,-64.10
ERM,47.42,-68.32
KMSS,44.93,-74.85
LFVP,46.77,-56.17
TAG,48.65,-93.43
TBO,44.63,-75.73
TGT,43.55,-80.22
TNK,45.53,-78.27
VME,50.10,-120.77
VXY,60.72,-135.08
WAG,49.92,-55.67
WAJ,42.25,-81.90
WAR,47.28,-53.98
WAV,51.77,-114.68
WBE,45.97,-81.48
WBK,45.77,-62.68
WBO,50.55,-111.85
WBT,50.27,-64.22
WBU,53.33,-104.00
WBV,44.82,-62.33
WBY,49.83,-64.28
WBZ,45.12,-74.28
WCF,52.35,-97.03
WCH,48.75,-91.62
WCO,44.50,-80.22
WCT,52.07,-111.43
WDC,59.57,-108.48
WDE,51.52,-71.10
WDH,50.23,-57.57
WDI,48.97,-56.07
WDK,50.00,-113.63
WDM,50.45,-59.63
WDO,49.68,-54.80
WDP,50.65,-70.52
WDQ,47.40,-72.78
WDT,49.83,-71.17
WDV,49.03,-90.47
WDZ,51.43,-112.67
WEA,50.17,-96.05
WEB,49.37,-126.53
WEH,49.43,-108.98
WEI,49.28,-100.98
WEP,46.45,-61.98
WEQ,52.12,-101.23
WER,46.98,-70.80
WEW,45.80,-73.43
WEX,49.00,-97.23
WFJ,49.20,-113.28
WFO,54.68,-101.68
WFP,56.55,-61.68
WFQ,45.03,-72.85
WFX,67.02,-126.12
WGD,43.77,-81.72
WGH,44.42,-75.85
WGL,44.55,-79.22
WGN,49.02,-97.55
WHM,45.72,-73.37
WHO,55.45,-60.22
WHP,49.08,-61.70
WHQ,46.68,-71.97
WHT,60.77,-137.57
WHV,46.20,-70.78
WID,61.32,-117.60
WIG,47.07,-70.53
WII,50.70,-96.57
WIP,50.15,-66.43
WIS,47.28,-70.63
WIT,45.17,-73.67
WIX,48.58,-71.70
WIZ,45.28,-73.33
WJB,46.77,-71.28
WJD,53.18,-99.27
WJH,56.33,-103.28
WJI,49.73,-105.93
WJO,48.42,-71.13
WJR,49.07,-116.50
WJT,46.07,-74.55
WJV,50.22,-119.18
WJW,52.93,-118.03
WJX,50.90,-109.50
WKB,48.93,-57.92
WKD,50.72,-71.02
WKG,44.40,-65.20
WKO,49.17,-105.98
WKX,58.42,-130.00
WLF,52.18,-87.93
WLJ,54.13,-108.52
WLM,48.42,-123.32
WLS,43.98,-80.75
WME,52.18,-127.47
WMI,48.02,-64.50
WMJ,46.27,-75.98
WMT,63.13,-117.25
WNE,47.05,-63.98
WNH,47.80,-69.53
WNM,49.48,-117.30
WNP,50.27,-117.82
WNQ,46.22,-72.65
WNZ,49.73,-84.15
WOC,48.00,-65.32
WOD,48.83,-72.55
WOE,49.12,-110.47
WOK,51.13,-106.58
WON,64.05,-139.13
WOO,50.72,-99.53
WOY,51.77,-104.20
WPC,42.87,-79.25
WPD,47.55,-71.22
WPE,45.07,-66.45
WPG,49.90,-98.27
WPK,47.92,-74.62
WPL,51.43,-90.22
WPO,49.20,-98.90
WPR,49.47,-120.50
WPU,52.12,-124.13
WPZ,54.38,-125.95
WQC,49.32,-124.92
WQM,48.37,-70.53
WQP,43.83,-77.15
WQR,50.22,-64.20
WQV,48.25,-70.10
WRD,56.55,-115.27
WRK,45.07,-77.87
WRM,52.42,-114.90
WRN,45.35,-60.98
WRR,66.98,-136.22
WRV,53.03,-112.82
WRZ,48.42,-64.32
WSD,46.43,-63.83
WSF,49.25,-65.32
WSG,49.10,-66.65
WSK,49.78,-123.15
WSL,50.70,-119.28
WSS,45.22,-67.25
WST,47.35,-70.02
WSU,49.02,-95.58
WSV,52.13,-119.28
WSY,72.00,-125.27
WSZ,51.08,-97.55
WTA,45.50,-73.57
WTG,49.32,-67.37
WTN,47.07,-70.77
WTX,49.47,-94.77
WUM,62.23,-133.35
WUX,48.28,-70.92
WVI,53.52,-112.10
WVQ,45.42,-73.93
WVT,55.83,-108.43
WVU,44.28,-66.35
WWA,49.33,-123.18
WWB,43.30,-79.80
WWC,58.22,-103.67
WWE,43.98,-64.65
WWK,49.02,-122.78
WWN,54.98,-85.43
WWP,50.65,-99.93
WXA,51.08,-115.07
WXC,48.88,-71.02
WXI,51.02,-57.10
WXP,66.13,-65.70
WXS,47.80,-64.83
WYE,51.48,-107.05
WYI,49.10,-53.57
WYL,51.45,-116.35
WYQ,48.50,-68.47
WYW,50.28,-88.90
WYY,49.02,-119.43
WZA,49.25,-121.77
WZB,47.57,-59.15
WZG,51.18,-115.55
WZN,47.37,-55.78
WZQ,46.55,-61.05
WZW,60.17,-132.73
XAT,72.98,-85.00
XBD,54.08,-114.43
XBI,44.48,-79.55
XBO,46.83,-71.18
XBQ,58.70,-98.50
XCA,49.15,-88.33
XCH,46.63,-60.93
XCK,62.10,-136.18
XDE,65.22,-123.43
XDI,42.87,-80.55
XEA,50.62,-93.22
XGM,44.72,-66.80
XHF,45.83,-75.63
XHI,70.75,-117.80
XIB,46.67,-60.40
XKE,45.00,-75.63
XKI,48.15,-80.00
XKT,45.07,-64.48
XLB,44.37,-64.30
XLT,48.30,-71.12
XMI,44.60,-63.52
XMP,46.30,-63.58
XMY,44.98,-62.48
XND,52.50,-116.03
XNM,46.82,-60.67
XPC,45.33,-80.03
XPS,53.55,-114.12
XRG,42.45,-81.88
XRH,49.57,-57.87
XSH,46.55,-72.73
XTD,45.60,-61.68
XTP,48.55,-53.97
XVN,43.18,-79.40
XWT,47.13,-55.32
XZV,50.22,-66.25
ZHK,68.63,-95.85
ZMJ,50.32,-105.55
ZOC,67.57,-139.83
ZPK,69.35,-124.07
CZSJ,53.07,-93.35
XHM,43.28,-79.90
TWL,42.97,-79.33
XET,44.23,-79.78
TRY,44.03,-80.02
ACP,43.45,-65.47
ABR,44.75,-63.67
ABT,46.42,-64.77
ABF,47.62,-57.62
WRA,46.67,-53.08
ZDB,45.42,-63.47
ADN,46.58,-66.02
AKC,46.77,-65.00
AMS,45.68,-65.15
AMR,48.82,-56.53
ACQ,47.00,-65.45
XNP,45.75,-64.23
WNS,46.37,-60.98
AFY,45.60,-64.95
APR,45.40,-64.33
ARP,47.43,-65.58
ZSP,46.45,-62.57
AJT,48.55,-58.55
AOH,45.22,-63.05
WZS,48.47,-67.43
GBC,49.13,-68.20
WBA,46.70,-79.10
TBT,45.13,-79.40
ZCR,47.98,-66.33
MGB,45.37,-72.77
XKA,49.40,-82.43
WEO,51.87,-63.28
WQH,45.37,-71.82
MNT,50.18,-61.80
TPM,45.87,-77.25
MSI,45.82,-72.53
MMY,46.82,-74.10
GKL,54.80,-66.80
MTH,46.05,-71.27
WTY,46.35,-72.50
GVO,48.05,-77.78
CZMT,54.03,-132.13
CZVL,53.67,-113.85
CBBC,52.18,-128.15
CYRQ,46.35,-72.68
CYWE,64.20,-114.08
AHD,44.65,-63.58
ABB,44.70,-63.63
AHW,44.65,-63.62
WZU,44.63,-63.52
AOS,44.62,-63.42
AHK,44.58,-63.55
ERU,44.75,-64.47
AQY,46.15,-60.03
WGR,47.42,-61.77
AHR,46.35,-63.17
WZF,45.97,-66.65
AFC,45.92,-66.60
KHUL,46.13,-67.78
KCAR,46.87,-68.00
KPQI,46.68,-68.05
WIY,47.15,-67.82
AJW,47.52,-52.78
WVW,48.17,-52.93
AVA,48.67,-53.10
ADS,46.92,-55.38
AWR,47.70,-59.30
ACM,49.32,-57.40
WDA,50.72,-56.10
XZC,51.28,-80.62
WTT,45.27,-72.17
WUK,49.82,-74.97
WQW,50.15,-60.05
MQU,56.55,-76.55
MQP,60.02,-77.33
MQL,60.83,-78.17
MQV,62.42,-77.93
MIN,61.32,-73.67
MQQ,61.05,-69.60
XTO,43.67,-79.40
XHA,42.03,-82.90
TZR,43.00,-82.30
TTR,45.23,-81.63
TPQ,44.35,-78.30
XOA,45.38,-75.72
TRA,49.67,-93.73
WKK,49.68,-88.30
WCJ,48.60,-86.28
TLS,47.72,-84.82
KINL,48.57,-93.40
KBDE,48.72,-94.60
KANJ,46.48,-84.35
CZMD,53.43,-91.77
CYKP,51.67,-85.90
CYLH,52.20,-87.93
CYPO,54.98,-85.45
CYCK,42.30,-82.08
XMN,49.12,-111.65
XWG,49.92,-97.23
PGH,50.63,-97.05
XGH,50.62,-96.97
WOJ,50.83,-98.07
XMD,49.18,-98.08
XDW,49.40,-98.32
PGF,50.52,-95.97
PBD,50.70,-114.15
WZE,49.90,-99.35
WUT,50.45,-100.60
WXB,51.18,-101.37
WZT,51.10,-100.05
PQD,53.97,-101.10
ZKD,56.03,-96.52
PLE,56.85,-101.07
CYBQ,58.70,-98.52
PYQ,58.73,-94.07
WDJ,50.43,-104.67
POX,52.17,-106.72
XBK,50.20,-104.70
WBD,50.55,-103.65
WIK,50.37,-102.57
PJM,49.22,-102.97
WWF,49.70,-103.80
WIW,51.67,-105.40
WRJ,51.57,-107.92
WTS,52.35,-108.83
PQW,52.77,-108.25
PWX,53.12,-109.40
PRJ,51.25,-102.45
WXG,51.42,-105.25
WFF,52.82,-104.60
PUN,52.42,-105.15
ZHB,52.82,-102.32
WAQ,49.05,-105.48
WVC,50.27,-107.73
WLE,50.95,-107.15
WVP,49.65,-109.52
WVN,49.07,-107.58
WMQ,49.90,-109.47
PMK,49.10,-107.02
WSR,53.37,-107.55
PIL,54.02,-109.13
XAR,61.10,-94.07
XBL,64.32,-96.00
XFB,63.75,-68.55
NCD,64.22,-76.52
ZVM,67.55,-64.03
NDT,72.70,-77.95
XUX,68.77,-81.23
XVG,53.13,-115.12
WOV,53.08,-114.43
WPA,53.78,-118.43
WGY,51.67,-110.20
WXL,49.73,-111.45
PIF,55.53,-102.35
XLU,62.42,-110.67
CWIL,68.32,-100.08
WYH,64.12,-117.33
ZGH,66.23,-128.65
ZUB,69.43,-133.02
NBB,68.53,-89.78
XQH,60.12,-128.82
CYIN,51.27,-121.68
XTL,51.67,-124.40
VQZ,53.03,-122.50
VXS,53.88,-122.67
VYD,54.82,-127.18
VSL,53.77,-125.98
XWF,49.12,-117.73
VXC,49.62,-115.78
WGW,49.75,-114.88
VRA,50.95,-118.18
VCW,51.65,-120.08
VKU,49.93,-119.40
VLY,50.22,-121.57
WKF,50.68,-121.93
VAS,50.72,-121.28
WZL,53.03,-131.60
VVR,49.18,-123.18
VPE,49.37,-121.50
WPN,50.30,-122.73
VOC,50.13,-122.95
WKA,49.80,-124.52
VOP,49.83,-124.48
VOU,49.45,-123.70
VTS,48.77,-123.10
WEZ,48.78,-123.03
TUX,44.10,-79.17
WNC,43.95,-78.17
WRO,54.15,-131.65
VZY,55.30,-123.13
VBR,61.37,-139.02
XWN,49.88,-97.12
WNK,49.50,-98.03
PBO,49.90,-99.95
POY,49.33,-99.04
WGX,56.37,-94.70
WJL,60.23,-123.47
CYWY,63.22,-123.43
ZCY,70.48,-68.52
XEC,53.57,-113.52
L1E,43.75,-79.48
L1F,43.82,-79.52
L3C,43.87,-79.03
Z1D,43.67,-79.38
Z1N,43.97,-79.83
Z1W,43.63,-79.65
Z2D,43.63,-79.35
Z2W,43.49,-79.90
Z3E,43.90,-79.32
Z3N,44.52,-79.58
Z4E,43.87,-78.95
Z4N,45.00,-78.67
Z4W,43.20,-79.27
Z5E,43.90,-78.87
Z5N,44.18,-79.67
W5Z,42.97,-79.26
Z1E,43.78,-79.19
Z2E,43.86,-79.31
Z3W,43.25,-79.83
PAZ,50.50,-114.00
WXN,50.18,-113.88
WMM,49.20,-122.68
WUS,49.57,-119.65
BC30,54.05,-128.65
BC44,54.02,-124.02
MB18,52.04,-95.46
MB22,56.47,-99.75
MB37,51.79,-96.71
MB67,55.74,-101.32
NB08,45.83,-64.72
NB15,45.92,-64.39
NB17,46.22,-64.53
NL03,47.17,-55.17
NL05,47.10,-55.77
NT28,64.28,-115.07
NU01,73.03,-84.55
O088,45.31,-79.28
O132,52.99,-87.36
Q038,45.77,-71.93
Q045,48.80,-79.20
Q060,45.13,-71.80
Q072,45.58,-70.88
Q076,45.58,-73.75
Q140,45.28,-72.98
Q168,48.57,-78.12
SK11,49.65,-108.42
YT02,60.17,-134.71
CYAT,52.93,-82.43